Date,Time,League,Season,Match Day,home_team,away_team,goal_minute,team_side,player_name,goal_type
06/01/2024,4:00 pm,Uganda Premier League,2023/24,15,BUL FC,Mbarara City FC,40,home,Gerald Ogweti,Regular
06/01/2024,4:00 pm,Uganda Premier League,2023/24,15,BUL FC,Mbarara City FC,45,away,Joseph Akandwanaho,Regular
08/02/2024,7:00 pm,Uganda Premier League,2023/24,17,Vipers SC,Gaddafi FC,,,,
15/09/2023,4:00 pm,Uganda Premier League,2023/24,1,SC Villa,Kitara FC,15,away,Denis Omedi,Regular
15/09/2023,4:00 pm,Uganda Premier League,2023/24,1,SC Villa,Kitara FC,44,home,Charles Lwanga,Regular
15/09/2023,4:00 pm,Uganda Premier League,2023/24,1,SC Villa,Kitara FC,90+5,home,Elivis Ngonde,Own Goal
26/04/2024,4:00 pm,Uganda Premier League,2023/24,25,Busoga United FC,Wakiso Giants FC,16,home,Emmanuel Ajo,Penalty
26/04/2024,4:00 pm,Uganda Premier League,2023/24,25,Busoga United FC,Wakiso Giants FC,19,away,Kenneth Kimera,Regular
26/04/2024,4:00 pm,Uganda Premier League,2023/24,25,Busoga United FC,Wakiso Giants FC,80,home,Bashamu Mugwa,Regular
08/03/2024,4:00 pm,Uganda Premier League,2023/24,20,URA FC,BUL FC,1,home,Norman Namanya,Regular
08/03/2024,4:00 pm,Uganda Premier League,2023/24,20,URA FC,BUL FC,21,away,Amos Kirya,Regular
02/05/2024,4:00 pm,Uganda Premier League,2023/24,26,UPDF FC,Soltilo Bright Stars FC,49,home,Bernard Muwanga,Penalty
28/09/2023,2:00 pm,Uganda Premier League,2023/24,3,Soltilo Bright Stars FC,URA FC,19,away,Ivan Ahimbisibwe,Regular
28/09/2023,2:00 pm,Uganda Premier League,2023/24,3,Soltilo Bright Stars FC,URA FC,78,home,Nelson Senkatuka,Regular
28/12/2023,4:00 pm,Uganda Premier League,2023/24,13,UPDF FC,KCCA FC,20,away,Ashraf Mugume,Regular
28/12/2023,4:00 pm,Uganda Premier League,2023/24,13,UPDF FC,KCCA FC,55,home,Rashid Faridi,Regular
28/12/2023,4:00 pm,Uganda Premier League,2023/24,13,UPDF FC,KCCA FC,60,away,Fillbert Obenchan,Regular
18/05/2024,3:00 pm,Uganda Premier League,2023/24,30,Kitara FC,Gaddafi FC,5,home,Denis Omedi,Regular
18/05/2024,3:00 pm,Uganda Premier League,2023/24,30,Kitara FC,Gaddafi FC,67,home,Denis Omedi,Regular
18/05/2024,3:00 pm,Uganda Premier League,2023/24,30,Kitara FC,Gaddafi FC,73,home,Paul Mucureezi,Regular
06/12/2023,7:00 pm,Uganda Premier League,2023/24,10,NEC FC,URA FC,41,home,Dhata Joseph Stephen Lujang,Regular
06/12/2023,7:00 pm,Uganda Premier League,2023/24,10,NEC FC,URA FC,55,home,Cromwel Rwothomio Abang,Regular
30/11/2023,4:00 pm,Uganda Premier League,2023/24,9,SC Villa,Busoga United FC,20,home,Umar Lutalo,Regular
30/11/2023,4:00 pm,Uganda Premier League,2023/24,9,SC Villa,Busoga United FC,73,home,Ronald Ssekiganda,Regular
29/03/2024,4:00 pm,Uganda Premier League,2023/24,22,Kitara FC,BUL FC,,,,
10/12/2023,3:00 pm,Uganda Premier League,2023/24,11,BUL FC,NEC FC,45+1,away,Rashid Okocha,Regular
10/12/2023,3:00 pm,Uganda Premier League,2023/24,11,BUL FC,NEC FC,84,home,Samuel Kayongo Ssekamatte,Regular
24/11/2023,4:30 pm,Uganda Premier League,2023/24,8,Express FC,Maroons FC,30,away,Solomon Walusimbi,Regular
28/03/2024,4:00 pm,Uganda Premier League,2023/24,22,Maroons FC,Express FC,51,home,Fred Amaku,Regular
28/03/2024,4:00 pm,Uganda Premier League,2023/24,22,Maroons FC,Express FC,63,home,Ronald Orombi,Regular
04/02/2024,3:00 pm,Uganda Premier League,2023/24,16,Soltilo Bright Stars FC,Wakiso Giants FC,88,home,Nelson Senkatuka,Regular
05/04/2024,4:00 pm,Uganda Premier League,2023/24,23,Mbarara City FC,Maroons FC,,,,
09/03/2024,4:00 pm,Uganda Premier League,2023/24,20,UPDF FC,Busoga United FC,18,home,Brian Kalumba,Regular
09/03/2024,4:00 pm,Uganda Premier League,2023/24,20,UPDF FC,Busoga United FC,80,home,Ezekiel Katende,Regular
23/12/2023,4:00 pm,Uganda Premier League,2023/24,12,Gaddafi FC,Wakiso Giants FC,46,away,Hassan Ssenyonjo,Regular
21/12/2023,4:00 pm,Uganda Premier League,2023/24,12,Busoga United FC,URA FC,12,home,Hussein Ssajjabi,Regular
21/12/2023,4:00 pm,Uganda Premier League,2023/24,12,Busoga United FC,URA FC,33,home,Emmanuel Ajo,Regular
21/12/2023,4:00 pm,Uganda Premier League,2023/24,12,Busoga United FC,URA FC,67,away,Bruno Junior Bunyaga,Regular
21/12/2023,4:00 pm,Uganda Premier League,2023/24,12,Busoga United FC,URA FC,82,away,Moses Aliro Okabo,Regular
11/11/2023,4:00 pm,Uganda Premier League,2023/24,7,Maroons FC,NEC FC,55,away,Allan Mugalu,Regular
17/09/2023,3:00 pm,Uganda Premier League,2023/24,1,UPDF FC,URA FC,,,,
11/12/2023,4:00 pm,Uganda Premier League,2023/24,11,UPDF FC,Mbarara City FC,50,away,Henry Kitegenyi,Regular
11/12/2023,4:00 pm,Uganda Premier League,2023/24,11,UPDF FC,Mbarara City FC,57,home,Robert Eseru,Regular
13/03/2024,7:00 pm,Uganda Premier League,2023/24,21,NEC FC,Maroons FC,22,home,Dhata Joseph Stephen Lujang,Penalty
13/03/2024,7:00 pm,Uganda Premier League,2023/24,21,NEC FC,Maroons FC,38,home,Allan Mugalu,Regular
13/03/2024,7:00 pm,Uganda Premier League,2023/24,21,NEC FC,Maroons FC,89,away,Isaac Mpagi Kajubi,Regular
08/03/2024,4:13 pm,Uganda Premier League,2023/24,20,Soltilo Bright Stars FC,Mbarara City FC,3,home,Sharif Nsereko,Regular
08/03/2024,4:13 pm,Uganda Premier League,2023/24,20,Soltilo Bright Stars FC,Mbarara City FC,42,away,Henry Kitegenyi,Penalty
02/01/2024,4:00 pm,Uganda Premier League,2023/24,14,SC Villa,UPDF FC,28,home,Patrick Jonah Kakande,Penalty
02/01/2024,4:00 pm,Uganda Premier League,2023/24,14,SC Villa,UPDF FC,32,away,Bernard Muwanga,Own Goal
02/01/2024,4:00 pm,Uganda Premier League,2023/24,14,SC Villa,UPDF FC,47,home,Patrick Jonah Kakande,Regular
02/01/2024,4:00 pm,Uganda Premier League,2023/24,14,Mbarara City FC,Wakiso Giants FC,66,home,Joseph Akandwanaho,Regular
02/01/2024,4:00 pm,Uganda Premier League,2023/24,14,Mbarara City FC,Wakiso Giants FC,83,home,Henry Kitegenyi,Regular
02/01/2024,4:00 pm,Uganda Premier League,2023/24,14,Mbarara City FC,Wakiso Giants FC,88,away,Tom Ssemuwemba Masiko,Penalty
25/04/2024,4:00 pm,Uganda Premier League,2023/24,25,Gaddafi FC,SC Villa,76,away,Patrick Jonah Kakande,Regular
29/09/2023,4:00 pm,Uganda Premier League,2023/24,3,UPDF FC,Wakiso Giants FC,64,away,Blanchar Mulamba,Regular
29/09/2023,4:00 pm,Uganda Premier League,2023/24,3,UPDF FC,Wakiso Giants FC,78,away,Kenneth Kimera,Regular
07/12/2023,4:00 pm,Uganda Premier League,2023/24,10,Gaddafi FC,UPDF FC,43,home,Thomas Ochungo,Regular
07/12/2023,4:00 pm,Uganda Premier League,2023/24,10,Gaddafi FC,UPDF FC,64,home,Benson Muhindo,Penalty
07/12/2023,4:00 pm,Uganda Premier League,2023/24,10,Gaddafi FC,UPDF FC,86,away,Bright Joseph Vuni,Regular
23/04/2024,7:00 pm,Uganda Premier League,2023/24,25,Vipers SC,Maroons FC,54,home,Milton Karisa,Regular
23/04/2024,7:00 pm,Uganda Premier League,2023/24,25,Vipers SC,Maroons FC,62,away,Darius Ojok,Regular
28/03/2024,7:02 pm,Uganda Premier League,2023/24,22,KCCA FC,Busoga United FC,18,home,Fillbert Obenchan,Regular
28/03/2024,7:02 pm,Uganda Premier League,2023/24,22,KCCA FC,Busoga United FC,42,home,Saidi Mayanja,Regular
28/03/2024,7:02 pm,Uganda Premier League,2023/24,22,KCCA FC,Busoga United FC,51,home,Saidi Mayanja,Regular
28/03/2024,7:02 pm,Uganda Premier League,2023/24,22,KCCA FC,Busoga United FC,57,home,Arafat Kiza Usama,Regular
28/03/2024,7:02 pm,Uganda Premier League,2023/24,22,KCCA FC,Busoga United FC,79,away,Franco Mugomba,Regular
08/05/2024,4:00 pm,Uganda Premier League,2023/24,27,Soltilo Bright Stars FC,NEC FC,82,away,Marvin Kavuma,Penalty
08/05/2024,4:00 pm,Uganda Premier League,2023/24,27,Soltilo Bright Stars FC,NEC FC,90,home,David Kiiza,Regular
10/11/2023,4:00 pm,Uganda Premier League,2023/24,7,Soltilo Bright Stars FC,Busoga United FC,13,home,Nelson Senkatuka,Penalty
10/11/2023,4:00 pm,Uganda Premier League,2023/24,7,Soltilo Bright Stars FC,Busoga United FC,15,home,Samuel Ssenyonjo,Regular
10/11/2023,4:00 pm,Uganda Premier League,2023/24,7,Soltilo Bright Stars FC,Busoga United FC,21,home,Yasin Mugume,Regular
10/11/2023,4:00 pm,Uganda Premier League,2023/24,7,Soltilo Bright Stars FC,Busoga United FC,39,away,Bashamu Mugwa,Regular
10/11/2023,4:00 pm,Uganda Premier League,2023/24,7,Soltilo Bright Stars FC,Busoga United FC,49,away,Emmanuel Ajo,Regular
16/04/2024,4:00 pm,Uganda Premier League,2023/24,24,UPDF FC,Gaddafi FC,13,away,Baker Buyala,Regular
16/04/2024,4:00 pm,Uganda Premier League,2023/24,24,UPDF FC,Gaddafi FC,48,home,Bright Joseph Vuni,Regular
17/09/2023,4:00 pm,Uganda Premier League,2023/24,1,Arua Hill SC,Busoga United FC,14,away,Isaac Doka Mweru,Regular
09/04/2024,4:00 pm,Uganda Premier League,2023/24,18,SC Villa,Vipers SC,,,,
11/05/2024,4:00 pm,Uganda Premier League,2023/24,28,Maroons FC,Soltilo Bright Stars FC,,,,
11/05/2024,4:00 pm,Uganda Premier League,2023/24,28,UPDF FC,SC Villa,11,away,Patrick Jonah Kakande,Regular
11/05/2024,4:00 pm,Uganda Premier League,2023/24,28,UPDF FC,SC Villa,87,away,Hakim Kiwanuka,Regular
14/03/2024,4:00 pm,Uganda Premier League,2023/24,21,Kitara FC,URA FC,4,home,Denis Omedi,Regular
14/03/2024,4:00 pm,Uganda Premier League,2023/24,21,Kitara FC,URA FC,37,home,Jude Ssemugabi,Regular
14/03/2024,4:00 pm,Uganda Premier League,2023/24,21,Kitara FC,URA FC,90+2,home,Living Kabon,Regular
02/05/2024,4:00 pm,Uganda Premier League,2023/24,26,Wakiso Giants FC,Gaddafi FC,2,home,Kenneth Kimera,Regular
02/05/2024,4:00 pm,Uganda Premier League,2023/24,26,Wakiso Giants FC,Gaddafi FC,44,home,Shariph Sheen Kimbowa,Regular
02/05/2024,4:00 pm,Uganda Premier League,2023/24,26,Wakiso Giants FC,Gaddafi FC,90,home,Shariph Sheen Kimbowa,Regular
18/05/2024,3:00 pm,Uganda Premier League,2023/24,30,Maroons FC,KCCA FC,12,away,Dominic Ayella,Regular
18/05/2024,3:00 pm,Uganda Premier League,2023/24,30,Maroons FC,KCCA FC,53,home,Darius Ojok,Regular
21/09/2023,7:00 pm,Uganda Premier League,2023/24,2,Vipers SC,Arua Hill SC,15,home,Livingstone Mulondo,Regular
21/09/2023,7:00 pm,Uganda Premier League,2023/24,2,Vipers SC,Arua Hill SC,32,home,Abubakar Lawal,Regular
29/09/2023,4:00 pm,Uganda Premier League,2023/24,3,SC Villa,NEC FC,10,home,Umar Lutalo,Regular
29/09/2023,4:00 pm,Uganda Premier League,2023/24,3,SC Villa,NEC FC,42,away,John Paul Acire,Own Goal
29/09/2023,4:00 pm,Uganda Premier League,2023/24,3,SC Villa,NEC FC,45+2,home,Arnold Odong,Regular
13/12/2023,4:00 pm,Uganda Premier League,2023/24,11,SC Villa,Gaddafi FC,54,home,Ivan Bogere,Regular
23/02/2024,7:00 pm,Uganda Premier League,2023/24,18,KCCA FC,Kitara FC,78,away,Denis Omedi,Regular
01/12/2023,4:00 pm,Uganda Premier League,2023/24,9,Wakiso Giants FC,BUL FC,46,away,Martin Aprem,Regular
01/12/2023,4:00 pm,Uganda Premier League,2023/24,9,Wakiso Giants FC,BUL FC,48,away,Alex Kitata,Regular
01/12/2023,4:00 pm,Uganda Premier League,2023/24,9,Wakiso Giants FC,BUL FC,78,away,Martin Aprem,Regular
14/05/2024,4:00 pm,Uganda Premier League,2023/24,29,KCCA FC,Wakiso Giants FC,19,home,Shaban Mohammad Jagason,Regular
14/05/2024,4:00 pm,Uganda Premier League,2023/24,29,KCCA FC,Wakiso Giants FC,25,home,Fillbert Obenchan,Regular
14/05/2024,4:00 pm,Uganda Premier League,2023/24,29,KCCA FC,Wakiso Giants FC,28,home,Haruna Lukwago,Regular
14/05/2024,4:00 pm,Uganda Premier League,2023/24,29,KCCA FC,Wakiso Giants FC,64,home,Joao Gabriel Esteves Cardoso,Regular
14/03/2024,4:00 pm,Uganda Premier League,2023/24,21,Busoga United FC,Soltilo Bright Stars FC,23,away,Sharif Nsereko,Regular
14/03/2024,4:00 pm,Uganda Premier League,2023/24,21,Busoga United FC,Soltilo Bright Stars FC,36,away,Issa Bugembe,Regular
14/03/2024,4:00 pm,Uganda Premier League,2023/24,21,Busoga United FC,Soltilo Bright Stars FC,53,home,Jeremy Matata,Regular
14/03/2024,4:00 pm,Uganda Premier League,2023/24,21,Busoga United FC,Soltilo Bright Stars FC,66,home,Franco Mugomba,Regular
28/12/2023,4:00 pm,Uganda Premier League,2023/24,13,Kitara FC,Arua Hill SC,15,home,George Senkaaba,Regular
28/12/2023,4:00 pm,Uganda Premier League,2023/24,13,Kitara FC,Arua Hill SC,35,home,George Senkaaba,Regular
28/12/2023,4:00 pm,Uganda Premier League,2023/24,13,Kitara FC,Arua Hill SC,41,home,Denis Omedi,Regular
28/12/2023,4:00 pm,Uganda Premier League,2023/24,13,Kitara FC,Arua Hill SC,49,home,Jude Ssemugabi,Regular
28/12/2023,4:00 pm,Uganda Premier League,2023/24,13,Kitara FC,Arua Hill SC,61,home,Kipper Luwalo,Regular
28/12/2023,4:00 pm,Uganda Premier League,2023/24,13,Kitara FC,Arua Hill SC,72,away,Wahab Gadaffi,Regular
28/12/2023,4:00 pm,Uganda Premier League,2023/24,13,Kitara FC,Arua Hill SC,78,home,Frank Tumwesigye,Regular
28/12/2023,4:00 pm,Uganda Premier League,2023/24,13,Kitara FC,Arua Hill SC,84,home,Living Kabon,Regular
06/01/2024,4:00 pm,Uganda Premier League,2023/24,15,NEC FC,Arua Hill SC,60,away,Nelson Mandela,Regular
06/01/2024,4:00 pm,Uganda Premier League,2023/24,15,NEC FC,Arua Hill SC,63,home,Brian Kayanja,Regular
06/01/2024,4:00 pm,Uganda Premier League,2023/24,15,NEC FC,Arua Hill SC,80,home,Brian Kayanja,Regular
11/05/2024,4:00 pm,Uganda Premier League,2023/24,28,NEC FC,Vipers SC,,,,
29/02/2024,4:00 pm,Uganda Premier League,2023/24,19,Busoga United FC,Gaddafi FC,21,away,Ronald Bithum Nsumbiano,Regular
29/02/2024,4:00 pm,Uganda Premier League,2023/24,19,Busoga United FC,Gaddafi FC,40,home,Emmanuel Ajo,Regular
11/05/2024,4:00 pm,Uganda Premier League,2023/24,28,Wakiso Giants FC,Mbarara City FC,36,home,Shariph Sheen Kimbowa,Regular
11/05/2024,4:00 pm,Uganda Premier League,2023/24,28,Wakiso Giants FC,Mbarara City FC,84,home,Kenneth Kimera,Regular
12/12/2023,4:00 pm,Uganda Premier League,2023/24,11,Kitara FC,Express FC,37,home,Paul Mucureezi,Regular
26/04/2024,4:00 pm,Uganda Premier League,2023/24,25,Mbarara City FC,UPDF FC,,,,
15/05/2024,4:00 pm,Uganda Premier League,2023/24,29,Gaddafi FC,Express FC,2,home,Frank Mulimi,Penalty
15/05/2024,4:00 pm,Uganda Premier League,2023/24,29,Gaddafi FC,Express FC,6,away,Marvin Oshaba,Regular
15/05/2024,4:00 pm,Uganda Premier League,2023/24,29,Gaddafi FC,Express FC,14,away,Marvin Oshaba,Regular
15/05/2024,4:00 pm,Uganda Premier League,2023/24,29,Gaddafi FC,Express FC,78,home,Baker Buyala,Regular
15/05/2024,4:00 pm,Uganda Premier League,2023/24,29,Gaddafi FC,Express FC,90+1,home,David Bagoole,Regular
02/02/2024,4:00 pm,Uganda Premier League,2023/24,16,Mbarara City FC,Express FC,32,home,Henry Kitegenyi,Penalty
02/02/2024,4:00 pm,Uganda Premier League,2023/24,16,Mbarara City FC,Express FC,35,away,Hussein Ssenoga,Regular
02/02/2024,4:00 pm,Uganda Premier League,2023/24,16,Mbarara City FC,Express FC,44,home,Joseph Akandwanaho,Regular
02/02/2024,4:00 pm,Uganda Premier League,2023/24,16,Mbarara City FC,Express FC,90+3,home,Henry Kitegenyi,Regular
16/04/2024,4:00 pm,Uganda Premier League,2023/24,24,URA FC,NEC FC,8,home,Ivan Ahimbisibwe,Regular
16/04/2024,4:00 pm,Uganda Premier League,2023/24,24,URA FC,NEC FC,48,home,Saidi Kyeyune,Regular
20/10/2023,4:00 pm,Uganda Premier League,2023/24,4,BUL FC,Maroons FC,7,away,Jacob Okao,Own Goal
20/10/2023,4:00 pm,Uganda Premier League,2023/24,4,BUL FC,Maroons FC,13,home,Alex Kitata,Regular
20/10/2023,4:00 pm,Uganda Premier League,2023/24,4,BUL FC,Maroons FC,33,home,Alex Kitata,Regular
23/09/2023,4:00 pm,Uganda Premier League,2023/24,2,Express FC,Mbarara City FC,,,,
08/03/2024,4:15 pm,Uganda Premier League,2023/24,20,Maroons FC,Kitara FC,,,,
09/11/2023,4:00 pm,Uganda Premier League,2023/24,7,SC Villa,Arua Hill SC,46,home,Ronald Ssekiganda,Regular
09/11/2023,4:00 pm,Uganda Premier League,2023/24,7,SC Villa,Arua Hill SC,69,home,Umar Lutalo,Regular
09/11/2023,4:00 pm,Uganda Premier League,2023/24,7,SC Villa,Arua Hill SC,90,home,Peter Onzima,Regular
09/11/2023,4:00 pm,Uganda Premier League,2023/24,7,SC Villa,Arua Hill SC,90+2,away,Frank Kalanda,Regular
15/03/2024,4:00 pm,Uganda Premier League,2023/24,19,BUL FC,SC Villa,40,away,David Owori,Regular
30/04/2024,4:00 pm,Uganda Premier League,2023/24,26,URA FC,Busoga United FC,,,,
15/03/2024,7:00 pm,Uganda Premier League,2023/24,21,Vipers SC,KCCA FC,90+2,away,Mustafa Kizza,Penalty
05/12/2023,4:00 pm,Uganda Premier League,2023/24,10,Arua Hill SC,Wakiso Giants FC,27,home,John Rogers,Regular
05/12/2023,4:00 pm,Uganda Premier League,2023/24,10,Arua Hill SC,Wakiso Giants FC,45,away,Samson Andrew Kigozi,Regular
05/12/2023,4:00 pm,Uganda Premier League,2023/24,10,Arua Hill SC,Wakiso Giants FC,59,home,Abdulahi Rashid Kawawa,Regular
05/12/2023,4:00 pm,Uganda Premier League,2023/24,10,Arua Hill SC,Wakiso Giants FC,78,away,Tom Ssemuwemba Masiko,Regular
20/12/2023,4:00 pm,Uganda Premier League,2023/24,12,Arua Hill SC,Maroons FC,8,home,Safi Agu Mansoor,Regular
20/12/2023,4:00 pm,Uganda Premier League,2023/24,12,Arua Hill SC,Maroons FC,33,away,Patrick Bayiga,Regular
20/12/2023,4:00 pm,Uganda Premier League,2023/24,12,Arua Hill SC,Maroons FC,63,away,David Ndihabwe,Regular
20/12/2023,4:00 pm,Uganda Premier League,2023/24,12,Arua Hill SC,Maroons FC,90,away,Isaac Mpagi Kajubi,Regular
10/12/2023,3:00 pm,Uganda Premier League,2023/24,11,Wakiso Giants FC,Busoga United FC,7,home,Kenneth Kimera,Regular
10/12/2023,3:00 pm,Uganda Premier League,2023/24,11,Wakiso Giants FC,Busoga United FC,17,home,Kenneth Kimera,Regular
10/12/2023,3:00 pm,Uganda Premier League,2023/24,11,Wakiso Giants FC,Busoga United FC,34,home,Hassan Ssenyonjo,Regular
24/09/2023,3:00 pm,Uganda Premier League,2023/24,2,Maroons FC,SC Villa,59,home,Fred Amaku,Regular
24/09/2023,3:00 pm,Uganda Premier League,2023/24,2,Maroons FC,SC Villa,65,away,Arnold Odong,Regular
05/04/2024,7:00 pm,Uganda Premier League,2023/24,23,Vipers SC,UPDF FC,10,home,Allan Okello,Regular
05/04/2024,7:00 pm,Uganda Premier League,2023/24,23,Vipers SC,UPDF FC,55,home,Eric Kenzo Kambale,Regular
05/04/2024,7:00 pm,Uganda Premier League,2023/24,23,Vipers SC,UPDF FC,71,away,Bright Joseph Vuni,Regular
31/03/2024,4:00 pm,Uganda Premier League,2023/24,22,Soltilo Bright Stars FC,Gaddafi FC,39,home,Nelson Senkatuka,Regular
31/03/2024,4:00 pm,Uganda Premier League,2023/24,22,Soltilo Bright Stars FC,Gaddafi FC,78,home,Cleophas Fiat,Regular
31/03/2024,4:00 pm,Uganda Premier League,2023/24,22,Soltilo Bright Stars FC,Gaddafi FC,89,home,Nelson Senkatuka,Regular
02/01/2024,7:00 pm,Uganda Premier League,2023/24,14,KCCA FC,URA FC,3,away,Norman Namanya,Regular
02/01/2024,7:00 pm,Uganda Premier League,2023/24,14,KCCA FC,URA FC,47,home,Herbert Achayi,Regular
02/01/2024,7:00 pm,Uganda Premier League,2023/24,14,KCCA FC,URA FC,59,away,Viane Ssekajugo,Regular
02/01/2024,7:00 pm,Uganda Premier League,2023/24,14,KCCA FC,URA FC,68,away,Viane Ssekajugo,Own Goal
02/01/2024,7:00 pm,Uganda Premier League,2023/24,14,KCCA FC,URA FC,72,home,Shaban Mohammad Jagason,Regular
26/10/2023,6:30 pm,Uganda Premier League,2023/24,5,KCCA FC,NEC FC,5,away,Cromwel Rwothomio Abang,Regular
26/10/2023,6:30 pm,Uganda Premier League,2023/24,5,KCCA FC,NEC FC,27,away,Cromwel Rwothomio Abang,Regular
25/10/2023,4:00 pm,Uganda Premier League,2023/24,5,Mbarara City FC,Arua Hill SC,13,home,Henry Kitegenyi,Regular
09/03/2024,4:00 pm,Uganda Premier League,2023/24,20,SC Villa,Express FC,21,home,Charles Lwanga,Regular
09/03/2024,4:00 pm,Uganda Premier League,2023/24,20,Gaddafi FC,NEC FC,58,away,Cromwel Rwothomio Abang,Regular
02/12/2023,4:00 pm,Uganda Premier League,2023/24,9,Maroons FC,Mbarara City FC,60,home,Fred Amaku,Regular
08/02/2024,4:00 pm,Uganda Premier League,2023/24,17,Maroons FC,Wakiso Giants FC,,,,
18/05/2024,3:00 pm,Uganda Premier League,2023/24,30,NEC FC,SC Villa,67,away,Charles Lwanga,Regular
18/05/2024,3:00 pm,Uganda Premier League,2023/24,30,NEC FC,SC Villa,74,away,Hakim Kiwanuka,Regular
19/04/2024,4:00 pm,Uganda Premier League,2023/24,24,Kitara FC,Vipers SC,18,home,Donato Okello,Own Goal
19/04/2024,4:00 pm,Uganda Premier League,2023/24,24,Kitara FC,Vipers SC,85,away,Abubakar Lawal,Regular
29/09/2023,2:00 pm,Uganda Premier League,2023/24,3,Gaddafi FC,Kitara FC,34,home,Thomas Ochungo,Regular
29/09/2023,2:00 pm,Uganda Premier League,2023/24,3,Gaddafi FC,Kitara FC,58,away,Living Kabon,Regular
29/09/2023,2:00 pm,Uganda Premier League,2023/24,3,Gaddafi FC,Kitara FC,74,away,George Senkaaba,Regular
23/09/2023,4:00 pm,Uganda Premier League,2023/24,2,Wakiso Giants FC,Soltilo Bright Stars FC,35,away,Denis Kaka Omony,Regular
23/09/2023,4:00 pm,Uganda Premier League,2023/24,2,Wakiso Giants FC,Soltilo Bright Stars FC,60,home,Rahmat Kigongo Ssenfuka,Regular
17/09/2023,3:00 pm,Uganda Premier League,2023/24,1,Wakiso Giants FC,Maroons FC,1,away,Darius Ojok,Regular
17/09/2023,3:00 pm,Uganda Premier League,2023/24,1,Wakiso Giants FC,Maroons FC,33,away,Darius Ojok,Regular
17/09/2023,3:00 pm,Uganda Premier League,2023/24,1,Wakiso Giants FC,Maroons FC,89,away,Abraham Tusubira Kakensa,Regular
08/05/2024,4:00 pm,Uganda Premier League,2023/24,27,SC Villa,Wakiso Giants FC,40,away,Samson Andrew Kigozi,Regular
08/05/2024,4:00 pm,Uganda Premier League,2023/24,27,SC Villa,Wakiso Giants FC,51,away,Hassan Ssenyonjo,Regular
08/05/2024,4:00 pm,Uganda Premier League,2023/24,27,SC Villa,Wakiso Giants FC,65,home,Ronald Ssekiganda,Regular
08/05/2024,4:00 pm,Uganda Premier League,2023/24,27,SC Villa,Wakiso Giants FC,79,home,Umar Lutalo,Penalty
08/05/2024,4:00 pm,Uganda Premier League,2023/24,27,SC Villa,Wakiso Giants FC,85,home,Reagan Mpande,Regular
03/02/2024,2:00 pm,Uganda Premier League,2023/24,16,UPDF FC,Kitara FC,57,away,Denis Omedi,Regular
03/02/2024,2:00 pm,Uganda Premier League,2023/24,16,UPDF FC,Kitara FC,66,away,Denis Omedi,Regular
03/02/2024,2:00 pm,Uganda Premier League,2023/24,16,UPDF FC,Kitara FC,88,away,Denis Omedi,Regular
12/12/2023,7:00 pm,Uganda Premier League,2023/24,11,KCCA FC,Soltilo Bright Stars FC,36,home,Arafat Kiza Usama,Regular
12/12/2023,7:00 pm,Uganda Premier League,2023/24,11,KCCA FC,Soltilo Bright Stars FC,80,home,Shaban Mohammad Jagason,Regular
12/12/2023,7:00 pm,Uganda Premier League,2023/24,11,KCCA FC,Soltilo Bright Stars FC,88,home,Emmanuel Peter Loki,Regular
17/11/2023,4:00 pm,Uganda Premier League,2023/24,7,Wakiso Giants FC,Express FC,,,,
18/05/2024,3:00 pm,Uganda Premier League,2023/24,30,Wakiso Giants FC,UPDF FC,57,away,Rashid Faridi,Regular
12/03/2024,4:00 pm,Uganda Premier League,2023/24,21,BUL FC,UPDF FC,72,away,Hussein Hassan Zzinda,Regular
10/03/2024,6:00 pm,Uganda Premier League,2023/24,20,Wakiso Giants FC,Vipers SC,15,away,Fumador Asiwome,Regular
10/03/2024,6:00 pm,Uganda Premier League,2023/24,20,Wakiso Giants FC,Vipers SC,36,away,Allan Okello,Regular
10/03/2024,6:00 pm,Uganda Premier League,2023/24,20,Wakiso Giants FC,Vipers SC,60,away,Milton Karisa,Regular
10/03/2024,6:00 pm,Uganda Premier League,2023/24,20,Wakiso Giants FC,Vipers SC,89,away,Mohamed Salem Ekbad,Regular
22/02/2024,4:00 pm,Uganda Premier League,2023/24,18,Soltilo Bright Stars FC,Express FC,47,away,Isaac Wagoina,Penalty
22/02/2024,4:00 pm,Uganda Premier League,2023/24,18,Soltilo Bright Stars FC,Express FC,85,home,Ashiraf Mulindi,Regular
11/05/2024,4:00 pm,Uganda Premier League,2023/24,28,BUL FC,Gaddafi FC,83,home,Lawrence Tezikya,Regular
07/01/2024,6:00 pm,Uganda Premier League,2023/24,15,Vipers SC,Busoga United FC,6,home,Eric Kenzo Kambale,Regular
07/01/2024,6:00 pm,Uganda Premier League,2023/24,15,Vipers SC,Busoga United FC,23,home,Milton Karisa,Regular
07/01/2024,6:00 pm,Uganda Premier League,2023/24,15,Vipers SC,Busoga United FC,61,home,Abubakar Lawal,Penalty
23/11/2023,4:00 pm,Uganda Premier League,2023/24,8,Gaddafi FC,Soltilo Bright Stars FC,27,home,Benson Muhindo,Regular
23/11/2023,4:00 pm,Uganda Premier League,2023/24,8,Gaddafi FC,Soltilo Bright Stars FC,47,away,Shafic Kakande,Regular
23/11/2023,4:00 pm,Uganda Premier League,2023/24,8,Gaddafi FC,Soltilo Bright Stars FC,52,away,Nelson Senkatuka,Regular
23/11/2023,4:00 pm,Uganda Premier League,2023/24,8,Gaddafi FC,Soltilo Bright Stars FC,55,home,Steven Munguchi,Regular
13/03/2024,4:00 pm,Uganda Premier League,2023/24,21,Mbarara City FC,Gaddafi FC,1,home,Sadat Nsubuga,Regular
13/03/2024,4:00 pm,Uganda Premier League,2023/24,21,Mbarara City FC,Gaddafi FC,45+1,home,Joseph Akandwanaho,Regular
13/03/2024,4:00 pm,Uganda Premier League,2023/24,21,Mbarara City FC,Gaddafi FC,56,home,Pius Mzee Wangi,Regular
13/03/2024,4:00 pm,Uganda Premier League,2023/24,21,Mbarara City FC,Gaddafi FC,79,home,Benson Muhindo,Regular
13/03/2024,4:00 pm,Uganda Premier League,2023/24,21,Mbarara City FC,Gaddafi FC,81,home,Pius Mzee Wangi,Regular
03/01/2024,7:00 pm,Uganda Premier League,2023/24,14,Vipers SC,NEC FC,23,home,Yunus Junior Ssentamu,Regular
03/01/2024,7:00 pm,Uganda Premier League,2023/24,14,Vipers SC,NEC FC,32,away,Cromwel Rwothomio Abang,Regular
03/01/2024,7:00 pm,Uganda Premier League,2023/24,14,Vipers SC,NEC FC,54,home,Fumador Asiwome,Regular
03/01/2024,7:00 pm,Uganda Premier League,2023/24,14,Vipers SC,NEC FC,66,home,Fumador Asiwome,Regular
03/01/2024,7:00 pm,Uganda Premier League,2023/24,14,Vipers SC,NEC FC,68,home,Fumador Asiwome,Regular
28/09/2023,4:00 pm,Uganda Premier League,2023/24,3,Busoga United FC,Express FC,16,away,Allan Thierry Kayiwa,Penalty
28/09/2023,4:00 pm,Uganda Premier League,2023/24,3,Busoga United FC,Express FC,71,home,Stephen Odongo,Own Goal
01/02/2024,4:00 pm,Uganda Premier League,2023/24,16,SC Villa,Maroons FC,8,away,Fred Amaku,Regular
01/02/2024,4:00 pm,Uganda Premier League,2023/24,16,SC Villa,Maroons FC,60,home,Patrick Jonah Kakande,Regular
01/02/2024,4:00 pm,Uganda Premier League,2023/24,16,SC Villa,Maroons FC,70,home,Patrick Jonah Kakande,Regular
20/10/2023,4:00 pm,Uganda Premier League,2023/24,4,Kitara FC,KCCA FC,43,home,Living Kabon,Regular
20/10/2023,4:00 pm,Uganda Premier League,2023/24,4,Kitara FC,KCCA FC,49,home,Paul Mucureezi,Regular
20/10/2023,4:00 pm,Uganda Premier League,2023/24,4,Kitara FC,KCCA FC,90+3,home,Denis Omedi,Regular
20/10/2023,4:00 pm,Uganda Premier League,2023/24,4,Kitara FC,KCCA FC,90+6,away,Joao Gabriel Esteves Cardoso,Regular
13/05/2024,4:00 pm,Uganda Premier League,2023/24,26,Express FC,NEC FC,5,away,Enock Ssebagala,Regular
13/05/2024,4:00 pm,Uganda Premier League,2023/24,26,Express FC,NEC FC,19,home,Isaac Wagoina,Penalty
13/05/2024,4:00 pm,Uganda Premier League,2023/24,26,Express FC,NEC FC,57,home,Musa Ssali,Own Goal
01/05/2024,7:00 pm,Uganda Premier League,2023/24,26,KCCA FC,SC Villa,82,home,Arafat Kiza Usama,Regular
01/05/2024,7:00 pm,Uganda Premier League,2023/24,26,KCCA FC,SC Villa,89,home,Arafat Kiza Usama,Regular
01/05/2024,4:00 pm,Uganda Premier League,2023/24,26,BUL FC,Vipers SC,26,home,Jeromy Kirya,Regular
05/01/2024,4:00 pm,Uganda Premier League,2023/24,15,Kitara FC,Soltilo Bright Stars FC,1,away,Nelson Senkatuka,Regular
05/01/2024,4:00 pm,Uganda Premier League,2023/24,15,Kitara FC,Soltilo Bright Stars FC,33,home,Paul Mucureezi,Regular
05/01/2024,4:00 pm,Uganda Premier League,2023/24,15,Kitara FC,Soltilo Bright Stars FC,52,home,Paul Mucureezi,Regular
05/01/2024,4:00 pm,Uganda Premier League,2023/24,15,Kitara FC,Soltilo Bright Stars FC,90,home,Jude Ssemugabi,Regular
14/05/2024,4:00 pm,Uganda Premier League,2023/24,29,UPDF FC,Maroons FC,52,home,Christopher Tebandeke,Own Goal
14/05/2024,4:00 pm,Uganda Premier League,2023/24,29,UPDF FC,Maroons FC,69,home,Muwadda Mawejje,Regular
14/05/2024,4:00 pm,Uganda Premier League,2023/24,29,UPDF FC,Maroons FC,84,home,Rashid Faridi,Regular
06/04/2024,4:00 pm,Uganda Premier League,2023/24,23,Express FC,URA FC,43,home,Isaac Wagoina,Regular
05/01/2024,4:00 pm,Uganda Premier League,2023/24,15,Maroons FC,UPDF FC,9,away,Rashid Faridi,Regular
05/01/2024,4:00 pm,Uganda Premier League,2023/24,15,Maroons FC,UPDF FC,24,home,Edward Kabona,Regular
05/01/2024,4:00 pm,Uganda Premier League,2023/24,15,Maroons FC,UPDF FC,45+2,home,Fred Amaku,Regular
05/01/2024,4:00 pm,Uganda Premier League,2023/24,15,Maroons FC,UPDF FC,60,away,Rogers Adriko,Own Goal
05/01/2024,4:00 pm,Uganda Premier League,2023/24,15,Maroons FC,UPDF FC,65,away,Rashid Faridi,Regular
05/01/2024,4:00 pm,Uganda Premier League,2023/24,15,Maroons FC,UPDF FC,84,home,Abel Micheal Eturude,Regular
30/03/2024,7:00 pm,Uganda Premier League,2023/24,22,URA FC,Vipers SC,2,away,Moses Waiswa Ndhondhi,Regular
30/03/2024,7:00 pm,Uganda Premier League,2023/24,22,URA FC,Vipers SC,87,away,AbdulKarim Watambala,Regular
28/12/2023,4:00 pm,Uganda Premier League,2023/24,13,BUL FC,Busoga United FC,31,home,Alex Kitata,Regular
30/12/2023,4:00 pm,Uganda Premier League,2023/24,13,Wakiso Giants FC,SC Villa,60,away,Charles Lwanga,Regular
20/12/2023,4:00 pm,Uganda Premier League,2023/24,12,Mbarara City FC,Kitara FC,,,,
31/10/2023,4:00 pm,Uganda Premier League,2023/24,6,BUL FC,URA FC,51,home,Alex Kitata,Regular
03/10/2023,6:30 pm,Uganda Premier League,2023/24,3,KCCA FC,Maroons FC,23,away,Fred Amaku,Regular
03/10/2023,6:30 pm,Uganda Premier League,2023/24,3,KCCA FC,Maroons FC,45,home,Shaban Mohammad Jagason,Regular
03/10/2023,6:30 pm,Uganda Premier League,2023/24,3,KCCA FC,Maroons FC,80,away,Fred Amaku,Regular
19/10/2023,4:00 pm,Uganda Premier League,2023/24,4,Arua Hill SC,Gaddafi FC,80,away,Baker Buyala,Regular
04/04/2024,7:00 pm,Uganda Premier League,2023/24,23,NEC FC,Kitara FC,64,home,Cromwel Rwothomio Abang,Regular
08/05/2024,7:00 pm,Uganda Premier League,2023/24,27,Vipers SC,Express FC,20,home,Milton Karisa,Regular
22/09/2023,4:20 pm,Uganda Premier League,2023/24,2,Kitara FC,UPDF FC,38,away,Christopher Kamagu,Own Goal
13/02/2024,4:00 pm,Uganda Premier League,2023/24,18,Wakiso Giants FC,URA FC,57,home,Kenneth Kimera,Regular
02/01/2024,4:00 pm,Uganda Premier League,2023/24,14,Busoga United FC,Kitara FC,14,home,Jeremy Matata,Regular
02/01/2024,4:00 pm,Uganda Premier League,2023/24,14,Busoga United FC,Kitara FC,68,away,Paul Mucureezi,Penalty
02/01/2024,4:00 pm,Uganda Premier League,2023/24,14,Busoga United FC,Kitara FC,72,home,Emmanuel Ajo,Regular
05/12/2023,4:20 pm,Uganda Premier League,2023/24,10,Express FC,BUL FC,7,away,Nicholas Mwere,Regular
05/12/2023,4:20 pm,Uganda Premier League,2023/24,10,Express FC,BUL FC,45+2,home,Isaac Wagoina,Penalty
29/02/2024,7:00 pm,Uganda Premier League,2023/24,19,Vipers SC,Soltilo Bright Stars FC,31,home,Eric Kenzo Kambale,Regular
29/02/2024,7:00 pm,Uganda Premier League,2023/24,19,Vipers SC,Soltilo Bright Stars FC,57,away,Shafic Kakande,Regular
24/11/2023,5:20 pm,Uganda Premier League,2023/24,8,Busoga United FC,KCCA FC,27,away,Dominic Ayella,Regular
24/11/2023,5:20 pm,Uganda Premier League,2023/24,8,Busoga United FC,KCCA FC,32,home,Ronald Kasamba,Regular
24/11/2023,5:20 pm,Uganda Premier League,2023/24,8,Busoga United FC,KCCA FC,79,home,Emmanuel Ajo,Regular
01/10/2023,3:00 pm,Uganda Premier League,2023/24,3,Arua Hill SC,BUL FC,28,away,Alex Kitata,Regular
01/10/2023,3:00 pm,Uganda Premier League,2023/24,3,Arua Hill SC,BUL FC,33,home,John Rogers,Regular
01/10/2023,3:00 pm,Uganda Premier League,2023/24,3,Arua Hill SC,BUL FC,73,away,Lawrence Tezikya,Regular
27/02/2024,4:00 pm,Uganda Premier League,2023/24,19,Express FC,UPDF FC,8,home,Joshua Musoke,Regular
27/02/2024,4:00 pm,Uganda Premier League,2023/24,19,Express FC,UPDF FC,22,home,Kevin Ssekimbegga,Regular
27/02/2024,4:00 pm,Uganda Premier League,2023/24,19,Express FC,UPDF FC,44,home,Isaac Wagoina,Regular
27/02/2024,4:00 pm,Uganda Premier League,2023/24,19,Express FC,UPDF FC,90,away,Luutu Junior Abasi,Regular
23/02/2024,4:00 pm,Uganda Premier League,2023/24,18,Maroons FC,BUL FC,,,,
30/03/2024,4:00 pm,Uganda Premier League,2023/24,22,SC Villa,Mbarara City FC,20,home,Umar Lutalo,Regular
30/03/2024,4:00 pm,Uganda Premier League,2023/24,22,SC Villa,Mbarara City FC,30,away,Henry Kitegenyi,Regular
30/03/2024,4:00 pm,Uganda Premier League,2023/24,22,SC Villa,Mbarara City FC,68,home,Hakim Kiwanuka,Regular
22/12/2023,4:00 pm,Uganda Premier League,2023/24,12,SC Villa,KCCA FC,15,away,Etienne Katenga Openga,Regular
22/12/2023,4:00 pm,Uganda Premier League,2023/24,12,SC Villa,KCCA FC,19,away,Ashraf Mugume,Regular
22/12/2023,4:00 pm,Uganda Premier League,2023/24,12,SC Villa,KCCA FC,31,home,Charles Lwanga,Regular
13/12/2023,4:00 pm,Uganda Premier League,2023/24,11,Maroons FC,Vipers SC,33,home,Fred Amaku,Regular
13/12/2023,4:00 pm,Uganda Premier League,2023/24,11,Maroons FC,Vipers SC,50,away,Milton Karisa,Regular
11/05/2024,4:00 pm,Uganda Premier League,2023/24,28,URA FC,KCCA FC,87,home,Saidi Kyeyune,Regular
23/11/2023,7:00 pm,Uganda Premier League,2023/24,8,Vipers SC,URA FC,8,home,Eric Kenzo Kambale,Regular
23/11/2023,7:00 pm,Uganda Premier League,2023/24,8,Vipers SC,URA FC,52,home,Abdu Lumala,Regular
02/02/2024,6:00 pm,Uganda Premier League,2023/24,16,KCCA FC,BUL FC,,,,
18/05/2024,3:00 pm,Uganda Premier League,2023/24,30,URA FC,Soltilo Bright Stars FC,30,away,Samuel Kato Nemeyimana,Regular
18/05/2024,3:00 pm,Uganda Premier League,2023/24,30,URA FC,Soltilo Bright Stars FC,52,home,Bruno Junior Bunyaga,Regular
07/01/2024,3:00 pm,Uganda Premier League,2023/24,15,URA FC,SC Villa,,,,
07/05/2024,4:00 pm,Uganda Premier League,2023/24,27,Mbarara City FC,URA FC,,,,
25/04/2024,4:00 pm,Uganda Premier League,2023/24,25,Soltilo Bright Stars FC,KCCA FC,31,home,Noordin Saddic Bunjo,Regular
25/04/2024,4:00 pm,Uganda Premier League,2023/24,25,Soltilo Bright Stars FC,KCCA FC,34,away,Haruna Lukwago,Regular
25/04/2024,4:00 pm,Uganda Premier League,2023/24,25,Soltilo Bright Stars FC,KCCA FC,48,home,Ashiraf Mulindi,Regular
25/04/2024,4:00 pm,Uganda Premier League,2023/24,25,Soltilo Bright Stars FC,KCCA FC,75,away,Shaban Mohammad Jagason,Regular
24/04/2024,7:00 pm,Uganda Premier League,2023/24,25,NEC FC,BUL FC,54,home,Tah Barni Kelvin,Regular
30/12/2023,4:10 pm,Uganda Premier League,2023/24,13,Express FC,Vipers SC,37,home,Isma Kawawulo,Regular
30/12/2023,4:10 pm,Uganda Premier League,2023/24,13,Express FC,Vipers SC,76,home,Isaac Wagoina,Regular
13/02/2024,4:00 pm,Uganda Premier League,2023/24,18,UPDF FC,NEC FC,29,home,Bashir Kabuye,Regular
13/02/2024,4:00 pm,Uganda Premier League,2023/24,18,UPDF FC,NEC FC,60,away,Marvin Kavuma,Penalty
13/02/2024,4:00 pm,Uganda Premier League,2023/24,18,UPDF FC,NEC FC,64,away,Cromwel Rwothomio Abang,Regular
13/02/2024,4:00 pm,Uganda Premier League,2023/24,18,UPDF FC,NEC FC,72,home,Christopher Kamagu,Penalty
29/12/2023,4:00 pm,Uganda Premier League,2023/24,13,URA FC,Mbarara City FC,35,home,Norman Namanya,Regular
29/12/2023,4:00 pm,Uganda Premier League,2023/24,13,URA FC,Mbarara City FC,87,home,Ivan Ahimbisibwe,Regular
29/12/2023,4:00 pm,Uganda Premier League,2023/24,13,URA FC,Mbarara City FC,90+3,home,Moses Aliro Okabo,Regular
10/11/2023,7:00 pm,Uganda Premier League,2023/24,7,KCCA FC,Vipers SC,2,home,Shaban Mohammad Jagason,Regular
10/11/2023,7:00 pm,Uganda Premier League,2023/24,7,KCCA FC,Vipers SC,58,home,Shaban Mohammad Jagason,Regular
10/11/2023,7:00 pm,Uganda Premier League,2023/24,7,KCCA FC,Vipers SC,90+6,home,Arafat Kiza Usama,Regular
10/11/2023,7:00 pm,Uganda Premier League,2023/24,7,KCCA FC,Vipers SC,90+7,away,Abubakar Lawal,Regular
24/11/2023,4:00 pm,Uganda Premier League,2023/24,8,Arua Hill SC,UPDF FC,17,home,Abdulahi Rashid Kawawa,Regular
24/11/2023,4:00 pm,Uganda Premier League,2023/24,8,Arua Hill SC,UPDF FC,68,home,Wahab Gadaffi,Regular
27/10/2023,2:00 pm,Uganda Premier League,2023/24,5,Maroons FC,URA FC,81,away,Emmanuel Janan Okech,Regular
27/10/2023,2:00 pm,Uganda Premier League,2023/24,5,Maroons FC,URA FC,90+4,home,Darius Ojok,Regular
25/11/2023,4:00 pm,Uganda Premier League,2023/24,8,Mbarara City FC,SC Villa,,,,
04/02/2024,3:00 pm,Uganda Premier League,2023/24,16,Busoga United FC,NEC FC,2,away,Dhata Joseph Stephen Lujang,Regular
04/02/2024,3:00 pm,Uganda Premier League,2023/24,16,Busoga United FC,NEC FC,21,home,Aggrey Madoi,Penalty
04/02/2024,3:00 pm,Uganda Premier League,2023/24,16,Busoga United FC,NEC FC,38,away,Dhata Joseph Stephen Lujang,Regular
04/02/2024,3:00 pm,Uganda Premier League,2023/24,16,Busoga United FC,NEC FC,43,home,Aggrey Madoi,Regular
04/02/2024,3:00 pm,Uganda Premier League,2023/24,16,Busoga United FC,NEC FC,70,away,Marvin Kavuma,Regular
01/11/2023,4:00 pm,Uganda Premier League,2023/24,6,Kitara FC,Maroons FC,59,away,Fred Amaku,Regular
02/12/2023,4:00 pm,Uganda Premier League,2023/24,9,Kitara FC,NEC FC,45+1,home,Jude Ssemugabi,Regular
01/12/2023,4:00 pm,Uganda Premier League,2023/24,9,URA FC,Express FC,27,away,Isaac Wagoina,Regular
01/12/2023,4:00 pm,Uganda Premier League,2023/24,9,URA FC,Express FC,71,home,Moses Aliro Okabo,Penalty
01/12/2023,4:00 pm,Uganda Premier League,2023/24,9,URA FC,Express FC,85,home,Laban Tibiita,Regular
05/04/2024,4:00 pm,Uganda Premier League,2023/24,23,Gaddafi FC,KCCA FC,4,home,Rashidi Mpata,Penalty
05/04/2024,4:00 pm,Uganda Premier League,2023/24,23,Gaddafi FC,KCCA FC,31,away,Etienne Katenga Openga,Regular
05/04/2024,4:00 pm,Uganda Premier League,2023/24,23,Gaddafi FC,KCCA FC,35,away,Shaban Mohammad Jagason,Regular
21/04/2024,3:00 pm,Uganda Premier League,2023/24,24,SC Villa,Soltilo Bright Stars FC,60,away,Ashiraf Mulindi,Regular
21/04/2024,3:00 pm,Uganda Premier League,2023/24,24,SC Villa,Soltilo Bright Stars FC,66,home,Patrick Jonah Kakande,Regular
03/01/2024,4:00 pm,Uganda Premier League,2023/24,14,Arua Hill SC,Express FC,56,away,Emmanuel Alex Wasswa,Regular
29/12/2023,7:00 pm,Uganda Premier League,2023/24,13,NEC FC,Soltilo Bright Stars FC,,,,
08/12/2023,4:30 pm,Uganda Premier League,2023/24,6,Express FC,SC Villa,14,home,Alpha Thierry Ssali,Regular
08/12/2023,4:30 pm,Uganda Premier League,2023/24,6,Express FC,SC Villa,35,away,Patrick Jonah Kakande,Regular
08/12/2023,4:30 pm,Uganda Premier League,2023/24,6,Express FC,SC Villa,63,away,Umar Lutalo,Penalty
22/09/2023,4:00 pm,Uganda Premier League,2023/24,2,URA FC,Gaddafi FC,30,home,Moses Aliro Okabo,Regular
22/09/2023,4:00 pm,Uganda Premier League,2023/24,2,URA FC,Gaddafi FC,56,home,Najib Fesali,Regular
21/10/2023,4:00 pm,Uganda Premier League,2023/24,4,Express FC,Soltilo Bright Stars FC,3,home,Alpha Thierry Ssali,Regular
05/05/2024,3:00 pm,Uganda Premier League,2023/24,27,Express FC,Busoga United FC,8,away,Emmanuel Ajo,Regular
05/05/2024,3:00 pm,Uganda Premier League,2023/24,27,Express FC,Busoga United FC,10,away,Emmanuel Ajo,Regular
05/05/2024,3:00 pm,Uganda Premier League,2023/24,27,Express FC,Busoga United FC,50,home,Isaac Wagoina,Penalty
24/04/2024,4:00 pm,Uganda Premier League,2023/24,25,Express FC,Kitara FC,11,away,Denis Omedi,Regular
24/04/2024,4:00 pm,Uganda Premier League,2023/24,25,Express FC,Kitara FC,18,home,Isaac Wagoina,Penalty
24/04/2024,4:00 pm,Uganda Premier League,2023/24,25,Express FC,Kitara FC,90+7,away,Living Kabon,Regular
18/05/2024,3:00 pm,Uganda Premier League,2023/24,30,Vipers SC,Mbarara City FC,17,home,Milton Karisa,Regular
18/05/2024,3:00 pm,Uganda Premier League,2023/24,30,Vipers SC,Mbarara City FC,28,home,Milton Karisa,Regular
18/05/2024,3:00 pm,Uganda Premier League,2023/24,30,Vipers SC,Mbarara City FC,34,home,AbdulKarim Watambala,Regular
18/05/2024,3:00 pm,Uganda Premier League,2023/24,30,Vipers SC,Mbarara City FC,77,home,Abubakar Lawal,Regular
18/05/2024,3:00 pm,Uganda Premier League,2023/24,30,Vipers SC,Mbarara City FC,78,away,Seiri Arigumaho,Regular
13/03/2024,4:00 pm,Uganda Premier League,2023/24,21,Express FC,Wakiso Giants FC,10,away,Kenneth Kimera,Regular
13/03/2024,4:00 pm,Uganda Premier League,2023/24,21,Express FC,Wakiso Giants FC,29,away,Samson Andrew Kigozi,Regular
13/03/2024,4:00 pm,Uganda Premier League,2023/24,21,Express FC,Wakiso Giants FC,33,away,Shariph Sheen Kimbowa,Regular
13/03/2024,4:00 pm,Uganda Premier League,2023/24,21,Express FC,Wakiso Giants FC,40,home,Joshua Musoke,Regular
13/03/2024,4:00 pm,Uganda Premier League,2023/24,21,Express FC,Wakiso Giants FC,87,home,Yassar Mugerwa,Regular
07/05/2024,7:00 pm,Uganda Premier League,2023/24,27,KCCA FC,UPDF FC,41,home,Shaban Mohammad Jagason,Penalty
09/02/2024,4:00 pm,Uganda Premier League,2023/24,17,Kitara FC,SC Villa,58,home,Brian Aheebwa,Regular
09/02/2024,4:00 pm,Uganda Premier League,2023/24,17,Kitara FC,SC Villa,84,away,Patrick Jonah Kakande,Regular
11/05/2024,4:00 pm,Uganda Premier League,2023/24,28,Kitara FC,Busoga United FC,9,away,Bashamu Mugwa,Regular
11/05/2024,4:00 pm,Uganda Premier League,2023/24,28,Kitara FC,Busoga United FC,12,away,Emmanuel Ajo,Regular
11/05/2024,4:00 pm,Uganda Premier League,2023/24,28,Kitara FC,Busoga United FC,25,home,Brian Aheebwa,Regular
11/05/2024,4:00 pm,Uganda Premier League,2023/24,28,Kitara FC,Busoga United FC,62,home,Frank Tumwesigye,Regular
11/05/2024,4:00 pm,Uganda Premier League,2023/24,28,Kitara FC,Busoga United FC,90+4,home,Living Kabon,Regular
30/12/2023,4:00 pm,Uganda Premier League,2023/24,13,Maroons FC,Gaddafi FC,3,home,Patrick Bayiga,Regular
30/12/2023,4:00 pm,Uganda Premier League,2023/24,13,Maroons FC,Gaddafi FC,28,home,Abel Micheal Eturude,Regular
30/12/2023,4:00 pm,Uganda Premier League,2023/24,13,Maroons FC,Gaddafi FC,42,home,David Ndihabwe,Regular
30/12/2023,4:00 pm,Uganda Premier League,2023/24,13,Maroons FC,Gaddafi FC,61,home,Abraham Tusubira Kakensa,Regular
30/12/2023,4:00 pm,Uganda Premier League,2023/24,13,Maroons FC,Gaddafi FC,85,home,Fred Amaku,Regular
05/12/2023,4:00 pm,Uganda Premier League,2023/24,10,Soltilo Bright Stars FC,SC Villa,20,home,Nelson Senkatuka,Penalty
05/12/2023,4:00 pm,Uganda Premier League,2023/24,10,Soltilo Bright Stars FC,SC Villa,42,away,Ivan Bogere,Regular
27/02/2024,4:00 pm,Uganda Premier League,2023/24,19,Kitara FC,Wakiso Giants FC,8,home,Denis Omedi,Regular
07/02/2024,4:00 pm,Uganda Premier League,2023/24,17,BUL FC,Soltilo Bright Stars FC,42,away,Shafic Kakande,Regular
07/02/2024,4:00 pm,Uganda Premier League,2023/24,17,BUL FC,Soltilo Bright Stars FC,54,home,Walter Ochora,Regular
07/02/2024,4:00 pm,Uganda Premier League,2023/24,17,BUL FC,Soltilo Bright Stars FC,69,home,Jeromy Kirya,Regular
30/04/2024,4:00 pm,Uganda Premier League,2023/24,26,Kitara FC,Mbarara City FC,9,home,Denis Omedi,Regular
30/04/2024,4:00 pm,Uganda Premier League,2023/24,26,Kitara FC,Mbarara City FC,82,away,Seiri Arigumaho,Regular
26/11/2023,3:00 pm,Uganda Premier League,2023/24,8,BUL FC,Kitara FC,7,home,Alex Kitata,Regular
26/11/2023,3:00 pm,Uganda Premier League,2023/24,8,BUL FC,Kitara FC,19,home,Alex Kitata,Regular
26/11/2023,3:00 pm,Uganda Premier League,2023/24,8,BUL FC,Kitara FC,80,away,Denis Omedi,Regular
20/10/2023,4:00 pm,Uganda Premier League,2023/24,4,NEC FC,UPDF FC,28,home,Cromwel Rwothomio Abang,Regular
20/10/2023,4:00 pm,Uganda Premier League,2023/24,4,NEC FC,UPDF FC,47,home,Enock Ssebagala,Regular
06/12/2023,4:00 pm,Uganda Premier League,2023/24,10,Busoga United FC,Maroons FC,16,home,Bashamu Mugwa,Regular
06/12/2023,4:00 pm,Uganda Premier League,2023/24,10,Busoga United FC,Maroons FC,46,away,Abraham Tusubira Kakensa,Regular
06/04/2024,4:00 pm,Uganda Premier League,2023/24,23,BUL FC,Wakiso Giants FC,26,home,Jeromy Kirya,Regular
06/04/2024,4:00 pm,Uganda Premier League,2023/24,23,BUL FC,Wakiso Giants FC,55,home,Alex Kitata,Regular
06/04/2024,4:00 pm,Uganda Premier League,2023/24,23,BUL FC,Wakiso Giants FC,73,home,Alex Kitata,Regular
10/02/2024,4:00 pm,Uganda Premier League,2023/24,17,Express FC,KCCA FC,1,away,Etienne Katenga Openga,Regular
10/02/2024,4:00 pm,Uganda Premier League,2023/24,17,Express FC,KCCA FC,23,home,Isaac Wagoina,Regular
10/02/2024,4:00 pm,Uganda Premier League,2023/24,17,Express FC,KCCA FC,33,home,John Asiimwe,Regular
10/02/2024,4:00 pm,Uganda Premier League,2023/24,17,Express FC,KCCA FC,36,home,Marvin Oshaba,Regular
10/02/2024,4:00 pm,Uganda Premier League,2023/24,17,Express FC,KCCA FC,50,away,Shaban Mohammad Jagason,Regular
10/02/2024,4:00 pm,Uganda Premier League,2023/24,17,Express FC,KCCA FC,87,away,Ashraf Mugume,Regular
10/02/2024,4:00 pm,Uganda Premier League,2023/24,17,Express FC,KCCA FC,89,away,Arafat Kiza Usama,Regular
28/02/2024,7:00 pm,Uganda Premier League,2023/24,19,NEC FC,KCCA FC,10,away,Shaban Mohammad Jagason,Regular
28/02/2024,7:00 pm,Uganda Premier League,2023/24,19,NEC FC,KCCA FC,41,away,Shaban Mohammad Jagason,Regular
28/02/2024,7:00 pm,Uganda Premier League,2023/24,19,NEC FC,KCCA FC,55,away,Ashraf Mugume,Regular
14/05/2024,4:00 pm,Uganda Premier League,2023/24,29,SC Villa,URA FC,79,away,Bruno Junior Bunyaga,Regular
14/05/2024,4:00 pm,Uganda Premier League,2023/24,29,SC Villa,URA FC,82,home,Umar Lutalo,Regular
14/05/2024,4:00 pm,Uganda Premier League,2023/24,29,SC Villa,URA FC,87,home,Kenneth Ssemakula,Regular
08/10/2023,3:00 pm,Uganda Premier League,2023/24,1,KCCA FC,Express FC,22,away,Derrick Ngoobi,Regular
08/10/2023,3:00 pm,Uganda Premier League,2023/24,1,KCCA FC,Express FC,31,home,Shaban Mohammad Jagason,Regular
08/10/2023,3:00 pm,Uganda Premier League,2023/24,1,KCCA FC,Express FC,85,away,Isaac Wagoina,Regular
09/11/2023,4:00 pm,Uganda Premier League,2023/24,7,UPDF FC,BUL FC,7,home,Bernard Muwanga,Penalty
09/11/2023,4:00 pm,Uganda Premier League,2023/24,7,UPDF FC,BUL FC,54,home,Sam Kintu,Regular
27/10/2023,4:00 pm,Uganda Premier League,2023/24,5,UPDF FC,Express FC,6,away,Emmanuel Alex Wasswa,Regular
27/10/2023,4:00 pm,Uganda Premier League,2023/24,5,UPDF FC,Express FC,81,home,Bright Joseph Vuni,Regular
23/09/2023,4:00 pm,Uganda Premier League,2023/24,2,BUL FC,KCCA FC,77,home,Nicholas Mwere,Regular
15/09/2023,4:00 pm,Uganda Premier League,2023/24,1,Soltilo Bright Stars FC,BUL FC,25,away,Lawrence Tezikya,Regular
06/01/2024,4:00 pm,Uganda Premier League,2023/24,15,Wakiso Giants FC,KCCA FC,24,home,Kenneth Kimera,Regular
06/01/2024,4:00 pm,Uganda Premier League,2023/24,15,Wakiso Giants FC,KCCA FC,60,home,Samson Andrew Kigozi,Regular
06/01/2024,4:00 pm,Uganda Premier League,2023/24,15,Wakiso Giants FC,KCCA FC,90+6,away,Ashraf Mugume,Regular
01/11/2023,4:00 pm,Uganda Premier League,2023/24,6,NEC FC,Gaddafi FC,8,away,Amos Kirya,Regular
01/11/2023,4:00 pm,Uganda Premier League,2023/24,6,NEC FC,Gaddafi FC,33,away,Ronald Bithum Nsumbiano,Regular
01/11/2023,4:00 pm,Uganda Premier League,2023/24,6,NEC FC,Gaddafi FC,60,away,Amos Kirya,Regular
31/10/2023,4:00 pm,Uganda Premier League,2023/24,6,Arua Hill SC,KCCA FC,14,home,Wahab Gadaffi,Regular
31/10/2023,4:00 pm,Uganda Premier League,2023/24,6,Arua Hill SC,KCCA FC,45+4,away,Fillbert Obenchan,Regular
03/01/2024,4:00 pm,Uganda Premier League,2023/24,14,Gaddafi FC,BUL FC,11,home,Frank Mulimi,Regular
03/01/2024,4:00 pm,Uganda Premier League,2023/24,14,Gaddafi FC,BUL FC,30,home,Ronald Bithum Nsumbiano,Regular
03/01/2024,4:00 pm,Uganda Premier League,2023/24,14,Gaddafi FC,BUL FC,59,away,Gerald Ogweti,Regular
01/12/2023,7:00 pm,Uganda Premier League,2023/24,9,KCCA FC,Gaddafi FC,17,home,Etienne Katenga Openga,Regular
01/12/2023,7:00 pm,Uganda Premier League,2023/24,9,KCCA FC,Gaddafi FC,22,home,Shaban Mohammad Jagason,Regular
01/12/2023,7:00 pm,Uganda Premier League,2023/24,9,KCCA FC,Gaddafi FC,24,home,Shaban Mohammad Jagason,Regular
01/12/2023,7:00 pm,Uganda Premier League,2023/24,9,KCCA FC,Gaddafi FC,32,home,Arafat Kiza Usama,Regular
01/12/2023,7:00 pm,Uganda Premier League,2023/24,9,KCCA FC,Gaddafi FC,39,home,Arafat Kiza Usama,Regular
01/12/2023,7:00 pm,Uganda Premier League,2023/24,9,KCCA FC,Gaddafi FC,61,away,Sharifu Ssengendo,Regular
01/12/2023,7:00 pm,Uganda Premier League,2023/24,9,KCCA FC,Gaddafi FC,86,home,Dominic Ayella,Regular
09/02/2024,7:00 pm,Uganda Premier League,2023/24,17,NEC FC,Mbarara City FC,45+1,home,Dhata Joseph Stephen Lujang,Regular
09/02/2024,7:00 pm,Uganda Premier League,2023/24,17,NEC FC,Mbarara City FC,49,home,Rashid Okocha,Regular
18/04/2024,7:00 pm,Uganda Premier League,2023/24,24,KCCA FC,Mbarara City FC,15,home,Ashraf Mugume,Regular
18/04/2024,7:00 pm,Uganda Premier League,2023/24,24,KCCA FC,Mbarara City FC,30,home,Shaban Mohammad Jagason,Penalty
18/04/2024,7:00 pm,Uganda Premier League,2023/24,24,KCCA FC,Mbarara City FC,49,home,Shaban Mohammad Jagason,Regular
18/04/2024,7:00 pm,Uganda Premier League,2023/24,24,KCCA FC,Mbarara City FC,53,home,Etienne Katenga Openga,Regular
20/04/2024,4:00 pm,Uganda Premier League,2023/24,24,BUL FC,Express FC,19,home,Ibrahim Orit,Regular
20/04/2024,4:00 pm,Uganda Premier League,2023/24,24,BUL FC,Express FC,75,home,Ibrahim Orit,Regular
07/05/2024,4:00 pm,Uganda Premier League,2023/24,27,Gaddafi FC,Maroons FC,6,home,Rashidi Mpata,Regular
07/05/2024,4:00 pm,Uganda Premier League,2023/24,27,Gaddafi FC,Maroons FC,19,away,Abraham Tusubira Kakensa,Regular
07/05/2024,4:00 pm,Uganda Premier League,2023/24,27,Gaddafi FC,Maroons FC,40,home,David Bagoole,Regular
07/05/2024,4:00 pm,Uganda Premier League,2023/24,27,Gaddafi FC,Maroons FC,63,home,Steven Munguchi,Regular
10/12/2023,3:00 pm,Uganda Premier League,2023/24,11,URA FC,Arua Hill SC,6,away,Safi Agu Mansoor,Regular
10/12/2023,3:00 pm,Uganda Premier League,2023/24,11,URA FC,Arua Hill SC,26,home,Joseph Ssemujju,Regular
10/12/2023,3:00 pm,Uganda Premier League,2023/24,11,URA FC,Arua Hill SC,29,home,Ibrahim Dada,Regular
10/12/2023,3:00 pm,Uganda Premier League,2023/24,11,URA FC,Arua Hill SC,55,home,Joseph Ssemujju,Regular
10/12/2023,3:00 pm,Uganda Premier League,2023/24,11,URA FC,Arua Hill SC,73,home,Joseph Ssemujju,Regular
30/11/2023,4:00 pm,Uganda Premier League,2023/24,9,Soltilo Bright Stars FC,Arua Hill SC,3,home,Nelson Senkatuka,Regular
30/11/2023,4:00 pm,Uganda Premier League,2023/24,9,Soltilo Bright Stars FC,Arua Hill SC,45+3,home,Nelson Senkatuka,Regular
30/11/2023,4:00 pm,Uganda Premier League,2023/24,9,Soltilo Bright Stars FC,Arua Hill SC,45+4,away,Ibrahim Musa,Regular
30/11/2023,4:00 pm,Uganda Premier League,2023/24,9,Soltilo Bright Stars FC,Arua Hill SC,52,home,Nelson Senkatuka,Regular
17/09/2023,4:00 pm,Uganda Premier League,2023/24,1,Gaddafi FC,Vipers SC,27,away,Milton Karisa,Regular
17/09/2023,4:00 pm,Uganda Premier League,2023/24,1,Gaddafi FC,Vipers SC,42,away,Mohamed Salem Ekbad,Regular
17/09/2023,4:00 pm,Uganda Premier League,2023/24,1,Gaddafi FC,Vipers SC,56,home,Benson Muhindo,Penalty
15/09/2023,4:30 pm,Uganda Premier League,2023/24,1,Mbarara City FC,NEC FC,51,away,Dhata Joseph Stephen Lujang,Regular
22/02/2024,4:00 pm,Uganda Premier League,2023/24,18,Mbarara City FC,Busoga United FC,13,home,Edward Namaasa,Regular
22/09/2023,4:00 pm,Uganda Premier League,2023/24,2,NEC FC,Busoga United FC,8,home,Marvin Kavuma,Regular
22/09/2023,4:00 pm,Uganda Premier League,2023/24,2,NEC FC,Busoga United FC,28,home,Rashid Okocha,Penalty
22/09/2023,4:00 pm,Uganda Premier League,2023/24,2,NEC FC,Busoga United FC,38,away,Stephen Odongo,Own Goal
22/09/2023,4:00 pm,Uganda Premier League,2023/24,2,NEC FC,Busoga United FC,45+1,home,Brian Kayanja,Regular
22/09/2023,4:00 pm,Uganda Premier League,2023/24,2,NEC FC,Busoga United FC,89,home,Marvin Kavuma,Regular
04/04/2024,4:00 pm,Uganda Premier League,2023/24,23,Busoga United FC,SC Villa,20,away,Charles Lwanga,Regular
04/04/2024,4:00 pm,Uganda Premier League,2023/24,23,Busoga United FC,SC Villa,82,home,Moses Logono,Regular
21/10/2023,4:00 pm,Uganda Premier League,2023/24,4,URA FC,Wakiso Giants FC,48,home,Ivan Ahimbisibwe,Regular
14/05/2024,4:43 pm,Uganda Premier League,2023/24,29,Mbarara City FC,BUL FC,,,,
21/12/2023,7:00 pm,Uganda Premier League,2023/24,12,NEC FC,Express FC,3,home,Cromwel Rwothomio Abang,Regular
21/12/2023,7:00 pm,Uganda Premier League,2023/24,12,NEC FC,Express FC,17,away,Isaac Wagoina,Regular
21/12/2023,7:00 pm,Uganda Premier League,2023/24,12,NEC FC,Express FC,30,away,Emmanuel Alex Wasswa,Regular
21/12/2023,7:00 pm,Uganda Premier League,2023/24,12,NEC FC,Express FC,44,away,Isaac Wagoina,Penalty
21/12/2023,7:00 pm,Uganda Premier League,2023/24,12,NEC FC,Express FC,77,away,Steven Timothy Senfuma,Regular
21/12/2023,7:00 pm,Uganda Premier League,2023/24,12,NEC FC,Express FC,81,away,Emmanuel Alex Wasswa,Penalty
21/12/2023,7:00 pm,Uganda Premier League,2023/24,12,NEC FC,Express FC,87,home,David Tonny Kiberu,Regular
27/10/2023,4:00 pm,Uganda Premier League,2023/24,5,Soltilo Bright Stars FC,Vipers SC,49,home,Andrew Kyambadde,Own Goal
27/10/2023,4:00 pm,Uganda Premier League,2023/24,5,Soltilo Bright Stars FC,Vipers SC,53,away,Bright Anukani,Regular
29/02/2024,4:00 pm,Uganda Premier League,2023/24,19,URA FC,Maroons FC,20,home,Enock Walusimbi,Regular
29/02/2024,4:00 pm,Uganda Premier League,2023/24,19,URA FC,Maroons FC,30,home,Norman Namanya,Regular
06/02/2024,4:00 pm,Uganda Premier League,2023/24,17,URA FC,UPDF FC,61,home,Viane Ssekajugo,Regular
03/12/2023,3:00 pm,Uganda Premier League,2023/24,9,UPDF FC,Vipers SC,11,away,Livingstone Mulondo,Regular
14/05/2024,4:00 pm,Uganda Premier League,2023/24,29,Busoga United FC,Vipers SC,21,away,Milton Karisa,Regular
14/05/2024,4:00 pm,Uganda Premier League,2023/24,29,Busoga United FC,Vipers SC,66,home,Bashamu Mugwa,Regular
14/05/2024,4:00 pm,Uganda Premier League,2023/24,29,Busoga United FC,Vipers SC,68,away,Abdul Nsereko,Regular
24/10/2023,4:00 pm,Uganda Premier League,2023/24,5,SC Villa,BUL FC,34,away,George Kasonko,Regular
24/10/2023,4:00 pm,Uganda Premier League,2023/24,5,SC Villa,BUL FC,37,away,Ronald Otti,Regular
24/10/2023,4:00 pm,Uganda Premier League,2023/24,5,SC Villa,BUL FC,64,home,Umar Lutalo,Regular
14/05/2024,4:00 pm,Uganda Premier League,2023/24,29,Soltilo Bright Stars FC,Kitara FC,45+3,home,Shafic Kakande,Regular
31/10/2023,4:00 pm,Uganda Premier League,2023/24,6,Mbarara City FC,Soltilo Bright Stars FC,9,away,Nelson Senkatuka,Regular
31/10/2023,4:00 pm,Uganda Premier League,2023/24,6,Mbarara City FC,Soltilo Bright Stars FC,47,home,Joseph Akandwanaho,Regular
20/10/2023,7:00 pm,Uganda Premier League,2023/24,4,Vipers SC,SC Villa,7,away,Gavin Mugweri Kizito,Regular
20/10/2023,7:00 pm,Uganda Premier League,2023/24,4,Vipers SC,SC Villa,77,home,Paul Patrick Mbowa,Regular
22/12/2023,7:00 pm,Uganda Premier League,2023/24,12,Vipers SC,BUL FC,8,away,Nicholas Mwere,Regular
22/12/2023,7:00 pm,Uganda Premier League,2023/24,12,Vipers SC,BUL FC,45+1,away,Lawrence Tezikya,Regular
22/12/2023,7:00 pm,Uganda Premier League,2023/24,12,Vipers SC,BUL FC,50,home,Yunus Junior Ssentamu,Regular
22/12/2023,7:00 pm,Uganda Premier League,2023/24,12,Vipers SC,BUL FC,66,away,Ibrahim Mugulusi,Regular
22/12/2023,7:00 pm,Uganda Premier League,2023/24,12,Vipers SC,BUL FC,80,home,Mohamed Salem Ekbad,Regular
19/10/2023,4:00 pm,Uganda Premier League,2023/24,4,Busoga United FC,Mbarara City FC,,,,
03/10/2023,4:00 pm,Uganda Premier League,2023/24,3,Mbarara City FC,Vipers SC,,,,
29/03/2024,4:00 pm,Uganda Premier League,2023/24,22,Wakiso Giants FC,NEC FC,80,home,Kenneth Kimera,Regular
06/01/2024,4:20 pm,Uganda Premier League,2023/24,15,Express FC,Gaddafi FC,38,home,Isaac Wagoina,Penalty
06/01/2024,4:20 pm,Uganda Premier League,2023/24,15,Express FC,Gaddafi FC,39,home,Alpha Thierry Ssali,Regular
06/01/2024,4:20 pm,Uganda Premier League,2023/24,15,Express FC,Gaddafi FC,79,home,Andrew Kawooya,Regular
11/11/2023,4:00 pm,Uganda Premier League,2023/24,7,Gaddafi FC,Mbarara City FC,42,home,Benson Muhindo,Penalty
11/11/2023,4:00 pm,Uganda Premier League,2023/24,7,Gaddafi FC,Mbarara City FC,44,away,Joseph Akandwanaho,Regular
11/11/2023,4:00 pm,Uganda Premier League,2023/24,7,Gaddafi FC,Mbarara City FC,48,home,Joshua Amiru Kaka,Regular
02/01/2024,4:00 pm,Uganda Premier League,2023/24,14,Soltilo Bright Stars FC,Maroons FC,71,home,John Kokas Alou,Regular
18/05/2024,3:00 pm,Uganda Premier League,2023/24,30,Busoga United FC,BUL FC,10,away,Lawrence Tezikya,Regular
18/05/2024,3:00 pm,Uganda Premier League,2023/24,30,Busoga United FC,BUL FC,45+2,away,Jeromy Kirya,Regular
18/05/2024,3:00 pm,Uganda Premier League,2023/24,30,Busoga United FC,BUL FC,88,away,Richard Okello,Regular
18/04/2024,4:00 pm,Uganda Premier League,2023/24,24,Maroons FC,Busoga United FC,28,home,Fred Amaku,Regular
18/04/2024,4:00 pm,Uganda Premier League,2023/24,24,Maroons FC,Busoga United FC,34,home,Fred Amaku,Regular
18/04/2024,4:00 pm,Uganda Premier League,2023/24,24,Maroons FC,Busoga United FC,38,home,Abraham Tusubira Kakensa,Regular
02/02/2024,4:00 pm,Uganda Premier League,2023/24,16,Gaddafi FC,URA FC,30,away,Norman Namanya,Regular
25/11/2023,7:00 pm,Uganda Premier League,2023/24,8,NEC FC,Wakiso Giants FC,15,home,John Paul Acire,Own Goal
25/11/2023,7:00 pm,Uganda Premier League,2023/24,8,NEC FC,Wakiso Giants FC,22,home,Enock Ssebagala,Regular
31/10/2023,7:00 pm,Uganda Premier League,2023/24,6,Vipers SC,Wakiso Giants FC,14,home,AbdulKarim Watambala,Regular
31/10/2023,7:00 pm,Uganda Premier League,2023/24,6,Vipers SC,Wakiso Giants FC,67,home,Yunus Junior Ssentamu,Regular
31/10/2023,7:00 pm,Uganda Premier League,2023/24,6,Vipers SC,Wakiso Giants FC,90+4,home,AbdulKarim Watambala,Regular
22/12/2023,4:00 pm,Uganda Premier League,2023/24,12,Soltilo Bright Stars FC,UPDF FC,12,home,Samuel Kato Nemeyimana,Regular
22/12/2023,4:00 pm,Uganda Premier League,2023/24,12,Soltilo Bright Stars FC,UPDF FC,53,away,Rashid Faridi,Regular
22/12/2023,4:00 pm,Uganda Premier League,2023/24,12,Soltilo Bright Stars FC,UPDF FC,71,home,Nelson Senkatuka,Regular
25/10/2023,4:00 pm,Uganda Premier League,2023/24,5,Wakiso Giants FC,Kitara FC,27,home,Titus Ssematimba,Regular
25/10/2023,4:00 pm,Uganda Premier League,2023/24,5,Wakiso Giants FC,Kitara FC,48,away,Denis Omedi,Regular
25/10/2023,4:00 pm,Uganda Premier League,2023/24,5,Wakiso Giants FC,Kitara FC,81,away,Brian Aheebwa,Regular
25/10/2023,4:00 pm,Uganda Premier League,2023/24,5,Wakiso Giants FC,Kitara FC,90,away,Jude Ssemugabi,Regular
24/10/2023,4:00 pm,Uganda Premier League,2023/24,5,Gaddafi FC,Busoga United FC,45+1,away,Isaac Doka Mweru,Regular
07/12/2023,7:00 pm,Uganda Premier League,2023/24,10,Vipers SC,Kitara FC,12,away,Jude Ssemugabi,Regular
07/12/2023,7:00 pm,Uganda Premier League,2023/24,10,Vipers SC,Kitara FC,42,home,Bright Anukani,Penalty
07/12/2023,7:00 pm,Uganda Premier League,2023/24,10,Vipers SC,Kitara FC,48,home,Bright Anukani,Regular
